<?xml version="1.0" encoding="UTF-8"?>
<config xmlns="http://www.knime.org/2008/09/XMLConfig" xmlns:xsi="http://www.w3.org/2001/XMLSchema-instance" xsi:schemaLocation="http://www.knime.org/2008/09/XMLConfig http://www.knime.org/XMLConfig_2008_09.xsd" key="model.xml">
    <entry key="version" type="xint" value="1"/>
    <entry key="class_name" type="xstring" value="org.knime.base.node.mine.treeensemble2.model.TreeEnsembleModelPortObjectSpec"/>
    <config key="model">
        <config key="learnSpec">
            <entry key="spec_name" type="xstring" value="default"/>
            <entry key="number_columns" type="xint" value="11"/>
            <config key="column_spec_0">
                <entry key="column_name" type="xstring" value="age"/>
                <config key="element_names">
                    <entry key="array-size" type="xint" value="0"/>
                </config>
                <config key="column_type">
                    <entry key="cell_class" type="xstring" value="org.knime.core.data.def.IntCell"/>
                </config>
                <config key="column_domain">
                    <config key="lower_bound">
                        <entry key="datacell" type="xstring" value="org.knime.core.data.def.IntCell"/>
                        <config key="org.knime.core.data.def.IntCell">
                            <entry key="IntCell" type="xint" value="30"/>
                        </config>
                    </config>
                    <config key="upper_bound">
                        <entry key="datacell" type="xstring" value="org.knime.core.data.def.IntCell"/>
                        <config key="org.knime.core.data.def.IntCell">
                            <entry key="IntCell" type="xint" value="65"/>
                        </config>
                    </config>
                </config>
                <config key="column_properties"/>
                <config key="meta_data"/>
            </config>
            <config key="column_spec_1">
                <entry key="column_name" type="xstring" value="gender"/>
                <config key="element_names">
                    <entry key="array-size" type="xint" value="0"/>
                </config>
                <config key="column_type">
                    <entry key="cell_class" type="xstring" value="org.knime.core.data.def.StringCell"/>
                </config>
                <config key="column_domain">
                    <config key="possible_values">
                        <entry key="array-size" type="xint" value="2"/>
                        <config key="0">
                            <entry key="datacell" type="xstring" value="org.knime.core.data.def.StringCell"/>
                            <config key="org.knime.core.data.def.StringCell">
                                <entry key="StringCell" type="xstring" value="M"/>
                            </config>
                        </config>
                        <config key="1">
                            <entry key="datacell" type="xstring" value="org.knime.core.data.def.StringCell"/>
                            <config key="org.knime.core.data.def.StringCell">
                                <entry key="StringCell" type="xstring" value="W"/>
                            </config>
                        </config>
                    </config>
                </config>
                <config key="column_properties"/>
                <config key="meta_data"/>
            </config>
            <config key="column_spec_2">
                <entry key="column_name" type="xstring" value="height"/>
                <config key="element_names">
                    <entry key="array-size" type="xint" value="0"/>
                </config>
                <config key="column_type">
                    <entry key="cell_class" type="xstring" value="org.knime.core.data.def.IntCell"/>
                </config>
                <config key="column_domain">
                    <config key="lower_bound">
                        <entry key="datacell" type="xstring" value="org.knime.core.data.def.IntCell"/>
                        <config key="org.knime.core.data.def.IntCell">
                            <entry key="IntCell" type="xint" value="55"/>
                        </config>
                    </config>
                    <config key="upper_bound">
                        <entry key="datacell" type="xstring" value="org.knime.core.data.def.IntCell"/>
                        <config key="org.knime.core.data.def.IntCell">
                            <entry key="IntCell" type="xint" value="250"/>
                        </config>
                    </config>
                </config>
                <config key="column_properties"/>
                <config key="meta_data"/>
            </config>
            <config key="column_spec_3">
                <entry key="column_name" type="xstring" value="weight"/>
                <config key="element_names">
                    <entry key="array-size" type="xint" value="0"/>
                </config>
                <config key="column_type">
                    <entry key="cell_class" type="xstring" value="org.knime.core.data.def.DoubleCell"/>
                </config>
                <config key="column_domain">
                    <config key="lower_bound">
                        <entry key="datacell" type="xstring" value="org.knime.core.data.def.DoubleCell"/>
                        <config key="org.knime.core.data.def.DoubleCell">
                            <entry key="DoubleCell" type="xdouble" value="10.0"/>
                        </config>
                    </config>
                    <config key="upper_bound">
                        <entry key="datacell" type="xstring" value="org.knime.core.data.def.DoubleCell"/>
                        <config key="org.knime.core.data.def.DoubleCell">
                            <entry key="DoubleCell" type="xdouble" value="200.0"/>
                        </config>
                    </config>
                </config>
                <config key="column_properties"/>
                <config key="meta_data"/>
            </config>
            <config key="column_spec_4">
                <entry key="column_name" type="xstring" value="ap_hi"/>
                <config key="element_names">
                    <entry key="array-size" type="xint" value="0"/>
                </config>
                <config key="column_type">
                    <entry key="cell_class" type="xstring" value="org.knime.core.data.def.IntCell"/>
                </config>
                <config key="column_domain">
                    <config key="lower_bound">
                        <entry key="datacell" type="xstring" value="org.knime.core.data.def.IntCell"/>
                        <config key="org.knime.core.data.def.IntCell">
                            <entry key="IntCell" type="xint" value="-150"/>
                        </config>
                    </config>
                    <config key="upper_bound">
                        <entry key="datacell" type="xstring" value="org.knime.core.data.def.IntCell"/>
                        <config key="org.knime.core.data.def.IntCell">
                            <entry key="IntCell" type="xint" value="16020"/>
                        </config>
                    </config>
                </config>
                <config key="column_properties"/>
                <config key="meta_data"/>
            </config>
            <config key="column_spec_5">
                <entry key="column_name" type="xstring" value="ap_lo"/>
                <config key="element_names">
                    <entry key="array-size" type="xint" value="0"/>
                </config>
                <config key="column_type">
                    <entry key="cell_class" type="xstring" value="org.knime.core.data.def.IntCell"/>
                </config>
                <config key="column_domain">
                    <config key="lower_bound">
                        <entry key="datacell" type="xstring" value="org.knime.core.data.def.IntCell"/>
                        <config key="org.knime.core.data.def.IntCell">
                            <entry key="IntCell" type="xint" value="-70"/>
                        </config>
                    </config>
                    <config key="upper_bound">
                        <entry key="datacell" type="xstring" value="org.knime.core.data.def.IntCell"/>
                        <config key="org.knime.core.data.def.IntCell">
                            <entry key="IntCell" type="xint" value="11000"/>
                        </config>
                    </config>
                </config>
                <config key="column_properties"/>
                <config key="meta_data"/>
            </config>
            <config key="column_spec_6">
                <entry key="column_name" type="xstring" value="cholesterol"/>
                <config key="element_names">
                    <entry key="array-size" type="xint" value="0"/>
                </config>
                <config key="column_type">
                    <entry key="cell_class" type="xstring" value="org.knime.core.data.def.IntCell"/>
                </config>
                <config key="column_domain">
                    <config key="lower_bound">
                        <entry key="datacell" type="xstring" value="org.knime.core.data.def.IntCell"/>
                        <config key="org.knime.core.data.def.IntCell">
                            <entry key="IntCell" type="xint" value="1"/>
                        </config>
                    </config>
                    <config key="upper_bound">
                        <entry key="datacell" type="xstring" value="org.knime.core.data.def.IntCell"/>
                        <config key="org.knime.core.data.def.IntCell">
                            <entry key="IntCell" type="xint" value="3"/>
                        </config>
                    </config>
                </config>
                <config key="column_properties"/>
                <config key="meta_data"/>
            </config>
            <config key="column_spec_7">
                <entry key="column_name" type="xstring" value="gluc"/>
                <config key="element_names">
                    <entry key="array-size" type="xint" value="0"/>
                </config>
                <config key="column_type">
                    <entry key="cell_class" type="xstring" value="org.knime.core.data.def.IntCell"/>
                </config>
                <config key="column_domain">
                    <config key="lower_bound">
                        <entry key="datacell" type="xstring" value="org.knime.core.data.def.IntCell"/>
                        <config key="org.knime.core.data.def.IntCell">
                            <entry key="IntCell" type="xint" value="1"/>
                        </config>
                    </config>
                    <config key="upper_bound">
                        <entry key="datacell" type="xstring" value="org.knime.core.data.def.IntCell"/>
                        <config key="org.knime.core.data.def.IntCell">
                            <entry key="IntCell" type="xint" value="3"/>
                        </config>
                    </config>
                </config>
                <config key="column_properties"/>
                <config key="meta_data"/>
            </config>
            <config key="column_spec_8">
                <entry key="column_name" type="xstring" value="smoke"/>
                <config key="element_names">
                    <entry key="array-size" type="xint" value="0"/>
                </config>
                <config key="column_type">
                    <entry key="cell_class" type="xstring" value="org.knime.core.data.def.IntCell"/>
                </config>
                <config key="column_domain">
                    <config key="lower_bound">
                        <entry key="datacell" type="xstring" value="org.knime.core.data.def.IntCell"/>
                        <config key="org.knime.core.data.def.IntCell">
                            <entry key="IntCell" type="xint" value="0"/>
                        </config>
                    </config>
                    <config key="upper_bound">
                        <entry key="datacell" type="xstring" value="org.knime.core.data.def.IntCell"/>
                        <config key="org.knime.core.data.def.IntCell">
                            <entry key="IntCell" type="xint" value="1"/>
                        </config>
                    </config>
                </config>
                <config key="column_properties"/>
                <config key="meta_data"/>
            </config>
            <config key="column_spec_9">
                <entry key="column_name" type="xstring" value="alco"/>
                <config key="element_names">
                    <entry key="array-size" type="xint" value="0"/>
                </config>
                <config key="column_type">
                    <entry key="cell_class" type="xstring" value="org.knime.core.data.def.IntCell"/>
                </config>
                <config key="column_domain">
                    <config key="lower_bound">
                        <entry key="datacell" type="xstring" value="org.knime.core.data.def.IntCell"/>
                        <config key="org.knime.core.data.def.IntCell">
                            <entry key="IntCell" type="xint" value="0"/>
                        </config>
                    </config>
                    <config key="upper_bound">
                        <entry key="datacell" type="xstring" value="org.knime.core.data.def.IntCell"/>
                        <config key="org.knime.core.data.def.IntCell">
                            <entry key="IntCell" type="xint" value="1"/>
                        </config>
                    </config>
                </config>
                <config key="column_properties"/>
                <config key="meta_data"/>
            </config>
            <config key="column_spec_10">
                <entry key="column_name" type="xstring" value="cardio"/>
                <config key="element_names">
                    <entry key="array-size" type="xint" value="0"/>
                </config>
                <config key="column_type">
                    <entry key="cell_class" type="xstring" value="org.knime.core.data.def.StringCell"/>
                </config>
                <config key="column_domain">
                    <config key="possible_values">
                        <entry key="array-size" type="xint" value="2"/>
                        <config key="0">
                            <entry key="datacell" type="xstring" value="org.knime.core.data.def.StringCell"/>
                            <config key="org.knime.core.data.def.StringCell">
                                <entry key="StringCell" type="xstring" value="0"/>
                            </config>
                        </config>
                        <config key="1">
                            <entry key="datacell" type="xstring" value="org.knime.core.data.def.StringCell"/>
                            <config key="org.knime.core.data.def.StringCell">
                                <entry key="StringCell" type="xstring" value="1"/>
                            </config>
                        </config>
                    </config>
                </config>
                <config key="column_properties"/>
                <config key="meta_data"/>
            </config>
        </config>
    </config>
</config>
